id;title;content;content_content_type
1;Saint Helena Pound mesh;../fake-data/blob/hipster.png;image/png
2;EXE Tasty Rubber Chips;../fake-data/blob/hipster.png;image/png
3;action-items;../fake-data/blob/hipster.png;image/png
4;Steel leading-edge;../fake-data/blob/hipster.png;image/png
5;1080p help-desk;../fake-data/blob/hipster.png;image/png
6;Tools;../fake-data/blob/hipster.png;image/png
7;Home Loan Account;../fake-data/blob/hipster.png;image/png
8;overriding Pataca;../fake-data/blob/hipster.png;image/png
9;orchid New York;../fake-data/blob/hipster.png;image/png
10;Isle;../fake-data/blob/hipster.png;image/png
